store_id,store_name,avg_monthly_revenue
105,Delhi Store,20574724.166666668
102,Bangalore Store,20310360.333333332
104,Mumbai Store,20029356.5
101,Chennai Store,20546062.333333332
103,Hyderabad Store,19704361.833333332
