product_id,product_name,total_quantity_sold,total_returns,total_revenue,avg_profit
203,Headphones,2496,926,78451352,30405.108108108107
201,Laptop,2479,985,74833697,30944.408866995072
206,Monitor,2329,909,69547883,28467.110738255033
204,Keyboard,2623,966,79812843,31600.11370716511
202,Mobile,2557,950,76548490,30196.198127925116
207,Tablet,2577,993,77748998,30764.426771653543
208,Printer,2537,939,76509322,30669.83922829582
205,Mouse,2443,927,73536606,29894.549520766774
